battery_id,cycle_number,is_reference_cycle,internal_resistance_ohm,discharge_duration_s,capacity_Ah,energy_Wh,avg_current_A,avg_voltage_V,start_voltage_V,end_voltage_V,delta_voltage_V,avg_temp_C,start_temp_C,end_temp_C,delta_temp_C,max_temp_C,avg_power_W,q_initial_Ah,SOH_cycle_capacity_%,cycles_since_last_ref,SOH_at_last_ref,HI_dV_dt_discharge_V_s,HI_dT_dt_discharge_C_s,HI_voltage_ratio_end_start,SOH_future_5
battery00,0,True,0.009516256938937711,3502.292,2.4522210084722222,17.799597041795554,2.5206349033487614,7.259733732643616,8.329,4.814,3.5150000000000006,25.917208548870136,23.155,29.161,6.006,29.161,18.299207814865234,2.4522210084722222,100.0,0,100.0,0.0010036284810061528,0.0017148770005470705,0.5779805498859406,98.48317268632259
battery00,1,False,0.11546542546236388,537.4229999999998,2.4327156044599896,15.68511158066226,16.281694627829964,6.451525754884547,8.657,4.921,3.7359999999999998,64.8331918294849,22.35,94.618,72.268,94.618,104.97769305859272,2.4522210084722222,99.20458213412073,1,100.0,0.0069516935449357425,0.13447135682693154,0.5684417234607833,98.64827740705648
battery00,2,False,0.10745761707125265,539.3070000000007,2.440108763159925,15.797368723567997,16.274048785584352,6.476987500000001,8.703,4.914,3.7889999999999997,67.25828214285715,26.872,96.305,69.433,96.305,105.34117857092748,2.4522210084722222,99.5060704043212,2,100.0,0.007025682959798398,0.1287448521899399,0.5646328852119958,98.40348367341412
battery00,3,False,0.10772767766295024,538.1409999999996,2.4356040699302857,15.759754862073297,16.2788541162157,6.475880073800737,8.694,4.916,3.7780000000000005,67.71788376383763,27.179,97.005,69.826,97.022,105.3521196472312,2.4522210084722222,99.32237190348968,3,100.0,0.007020464896746397,0.12975409790370934,0.5654474350126524,98.15019012744574
battery00,4,False,0.11585080350304283,493.8719999999994,2.4217702133726076,15.352918822142318,17.635016831045345,6.332611969111969,8.632,4.924,3.7079999999999993,70.9380250965251,23.201,102.171,78.97,102.308,111.77839282205446,2.4522210084722222,98.75823610537509,4,100.0,0.007508018271940916,0.1598997311044159,0.5704355885078777,97.964001339816
battery00,5,False,0.10974743563224156,533.2430000000022,2.41502505042398,15.578081405391652,16.28983092285835,6.453693548387097,8.664,4.93,3.734,67.67808960573477,25.923,97.005,71.082,97.005,105.0645827482645,2.4522210084722222,98.48317268632259,5,100.0,0.00700243603760384,0.1333013279124146,0.5690212373037857,97.75601461385571
battery00,6,False,0.10864058442625886,533.9459999999963,2.419073783071796,15.63201723950234,16.29565953656418,6.466291139240506,8.674,4.92,3.7539999999999996,68.7030452079566,27.404,98.856,71.452,98.856,105.30739729506125,2.4522210084722222,98.64827740705648,6,100.0,0.00703067351380107,0.13381877568143688,0.5672123587733456,96.80461004388401
battery00,7,False,0.10743851459304941,532.4850000000006,2.413070899707994,15.584997638884316,16.29930623012272,6.461556586270872,8.667,4.925,3.742,68.59887012987012,27.416,98.694,71.278,98.694,105.25236820720667,2.4522210084722222,98.40348367341412,7,100.0,0.0070274280026667345,0.13385916974187054,0.5682473751009577,97.76977948109081
battery00,8,False,0.10863080103876102,530.997000000003,2.4068595821606533,15.537347319743846,16.30291712565424,6.458480373831776,8.661,4.942,3.7189999999999994,68.83615887850468,27.373,99.037,71.664,99.037,105.2248185634017,2.4522210084722222,98.15019012744574,8,100.0,0.007003806047868402,0.13496121447013748,0.570603856367625,97.55982008681079
battery00,9,False,0.1188588141202363,529.9409999999916,2.402293821594977,15.4974774250765,16.304387072747346,6.4540075757575766,8.654,4.932,3.7219999999999995,68.8016287878788,27.408,98.64,71.232,98.64,105.16095076917686,2.4522210084722222,97.964001339816,9,100.0,0.007023423362223452,0.13441496317514803,0.5699098682690086,97.42657140792555
battery00,10,False,0.11744122130813306,528.6830000000045,2.3971935274061456,15.46377216725181,16.30812198254638,6.45378776290631,8.652000000000001,4.961,3.6910000000000007,69.07742829827914,27.44,98.407,70.967,98.407,105.18085961534928,2.4522210084722222,97.75601461385571,10,100.0,0.006981499310550876,0.13423355772740828,0.5733934350439205,97.22022641684376
battery00,11,False,0.10677862516792794,523.6459999999934,2.3738629846657346,15.254034173256105,16.305415612677926,6.430917883211679,8.6,4.914,3.686,66.78397810218978,24.635,97.421,72.786,97.421,104.79599702684698,2.4522210084722222,96.80461004388401,11,100.0,0.007039106571997202,0.1389984837084613,0.5713953488372093,97.03209012148079
battery00,12,False,0.1043641026406355,528.7750000000015,2.397531072372273,15.445921869975354,16.308410537670788,6.4452699275362315,8.639,4.906000000000001,3.7329999999999988,68.1441213768116,26.864,97.946,71.082,97.946,105.04888717363824,2.4522210084722222,97.76977948109081,12,100.0,0.007059713488723916,0.13442768663420132,0.5678898020604237,96.79473103134254
battery00,13,False,0.10468221199782729,527.5720000000001,2.392382403996477,15.406421695133163,16.309889614460385,6.443694183864915,8.633,4.921,3.711999999999999,68.19642213883677,26.895,97.77,70.875,97.77,105.03035863837339,2.4522210084722222,97.55982008681079,13,100.0,0.007036006459781789,0.1343418528655804,0.5700220085717597,96.67536233274777
battery00,14,False,0.1048057144019831,526.718000000008,2.3891148518993415,15.380613039624983,16.314010750642627,6.440508474576272,8.631,4.914,3.7170000000000005,68.32180414312619,27.021,98.141,71.12,98.141,105.00456634067623,2.4522210084722222,97.42657140792555,14,100.0,0.00705690711158522,0.13502481403711078,0.5693430656934306,96.40552301003511
battery00,15,False,0.11474625777231215,525.4630000000034,2.3840548166781037,15.337944017591155,16.318129144810086,6.433011494252874,8.625,4.914,3.7110000000000003,68.34806513409963,26.777,97.108,70.331,97.108,104.90791919323313,2.4522210084722222,97.22022641684376,15,100.0,0.007062343114548458,0.13384577030161887,0.5697391304347825,95.70629969287256
battery00,16,False,0.11508245924716119,524.3499999999913,2.3794412989186515,15.303087459071858,16.321055927517545,6.434140655105974,8.623,4.921,3.701999999999999,68.1294373795761,26.82,98.318,71.49799999999999,98.425,104.9448639455296,2.4522210084722222,97.03209012148079,16,100.0,0.007060169733956442,0.1363554877467363,0.57068305694074,95.6507460654787
battery00,17,False,0.11449452985423375,523.054999999993,2.373620729444763,15.260103121579354,16.32116552084101,6.431750487329435,8.621,4.936,3.6850000000000005,68.19136452241715,26.84,98.748,71.908,98.748,104.90626130798688,2.4522210084722222,96.79473103134254,17,100.0,0.007045148215770903,0.1374769383716836,0.5725553880060318,96.0228433476685
battery00,18,False,0.11468845055341996,522.2160000000003,2.370693545140282,15.235439118764203,16.327378341901966,6.427183070866142,8.616,4.93,3.686,68.2988405511811,26.883000000000003,97.946,71.06299999999999,98.141,104.87076203606428,2.4522210084722222,96.67536233274777,18,100.0,0.007058381972210728,0.13607970648160903,0.5721912720519963,96.01607803701029
battery00,19,False,0.10529354729085771,520.0939999999973,2.3640764885796033,15.172772608546456,16.349194547254427,6.418976277372263,8.6,4.928,3.6719999999999997,68.1257481751825,26.196,97.964,71.768,97.964,104.88261906598147,2.4522210084722222,96.40552301003511,19,100.0,0.00706026218337458,0.13799044018965873,0.5730232558139535,95.8146338303336
battery00,20,True,0.01071428571428612,3353.6350000000093,2.346929987500007,17.223291465440045,2.5193405038211147,7.337732521936032,8.351,4.905,3.4460000000000006,26.39285649589584,22.687,31.263,8.576,31.263,18.486351404189076,2.4522210084722222,95.70629969287256,0,95.70629969287256,0.0010275417569294188,0.0025572252197988083,0.5873548078074482,95.74851631211776
battery00,21,False,0.1287340698847413,515.8280000000086,2.345567689778086,14.983442926564042,16.35427136458101,6.390847953216374,8.552999999999999,4.928999999999999,3.6239999999999997,65.64298830409358,22.748,95.172,72.42399999999999,95.172,104.45159948481742,2.4522210084722222,95.6507460654787,1,95.70629969287256,0.007025597679846653,0.14040339027737692,0.5762890213960014,95.674103870496
battery00,22,False,0.114380439823526,517.7770000000019,2.3546923375038986,15.127551626045324,16.356164270384156,6.427254863813229,8.609,4.96,3.649,67.70553696498055,27.286,97.126,69.84,97.126,105.05804811695444,2.4522210084722222,96.0228433476685,2,95.70629969287256,0.007047435478980308,0.13488432278760887,0.576141247531653,95.34294553858382
battery00,23,False,0.11595480790170082,517.5899999999965,2.3545264371346497,15.112051000752428,16.36089954542221,6.421021442495126,8.606,4.927,3.6790000000000003,67.68595321637427,27.073,97.753,70.68,97.753,104.98672726187095,2.4522210084722222,96.01607803701029,3,95.70629969287256,0.007107942580034439,0.1365559612820968,0.5725075528700906,94.98505684822192
battery00,24,False,0.115001007023804,516.3279999999795,2.349586579978174,15.072541347496951,16.36612923478672,6.417824351297405,8.601,4.942,3.6590000000000007,67.6777245508982,27.065,97.647,70.58200000000001,97.647,104.96655757994141,2.4522210084722222,95.8146338303336,4,95.70629969287256,0.007086580623170051,0.1366999271780783,0.5745843506569003,92.58498353244853
battery00,25,False,0.11671562268015964,515.8919999999925,2.3479652323062044,15.054372418365228,16.368587758240093,6.414545816733067,8.599,4.941,3.6580000000000004,67.73837250996016,27.045,97.56,70.515,97.56,104.92837723258971,2.4522210084722222,95.74851631211776,5,95.70629969287256,0.007090631372457904,0.1366855853550763,0.5746016978718456,95.00460288437148
battery00,26,False,0.1153766816437375,515.3470000000088,2.3461404747798382,15.03526570225911,16.3728504350645,6.411429447852761,8.596,4.928999999999999,3.6670000000000007,66.86317791411044,27.065,95.337,68.272,95.337,104.90293850081031,2.4522210084722222,95.674103870496,6,95.70629969287256,0.007115593959021665,0.13247772859839843,0.5734062354583527,93.92012245329917
battery00,27,False,0.11693582608464807,513.2960000000312,2.338019740593382,14.974941370087597,16.381138426325396,6.407931818181819,8.593,4.964,3.6289999999999996,66.67518181818183,26.514,94.992,68.47800000000001,94.992,104.89813945195934,2.4522210084722222,95.34294553858382,7,95.70629969287256,0.007069994700912883,0.13340840372805524,0.5776795065751194,94.32249351380268
battery00,28,False,0.10696684697591356,511.1130000000121,2.329243518941381,14.894125071973697,16.391230474699974,6.394383612662941,8.577,4.945,3.6319999999999997,66.6175810055866,25.79,94.039,68.249,94.039,104.74859028405776,2.4522210084722222,94.98505684822192,8,95.70629969287256,0.007106060694992915,0.13353015869288862,0.5765419144222922,94.19582271104287
battery00,29,False,0.10878025861553765,498.0540000000037,2.27038841687325,14.423365832671871,16.39529759298692,6.355406488549619,8.476,4.918,3.5580000000000007,64.77499809160305,23.163,93.943,70.78,93.943,104.13584190613902,2.4522210084722222,92.58498353244853,9,95.70629969287256,0.007143803683937834,0.14211310420155138,0.5802265219443133,94.06188491093272
battery00,30,False,0.10510748570332173,511.0210000000079,2.329722830946164,14.895423624752121,16.39708422209814,6.396654205607477,8.586,4.924,3.662,67.41700186915888,26.42,97.421,71.001,97.421,104.82257878928218,2.4522210084722222,95.00460288437148,10,95.70629969287256,0.007166046013764489,0.13893949563716346,0.5734917307244352,94.05750613923816
battery00,31,False,0.11789596506594394,505.125,2.303128973982639,14.608931716759345,16.39919076762194,6.346009398496241,8.507,4.9510000000000005,3.555999999999999,66.68035526315789,23.27,97.074,73.804,97.074,104.00503337041525,2.4522210084722222,93.92012245329917,11,95.70629969287256,0.007039841623360553,0.14611036872061373,0.5819913012812978,93.62566181514993
battery00,32,False,0.10915421284937657,507.112999999983,2.3129960016603186,14.795665574424158,16.40482317989895,6.398591337099812,8.594,4.957,3.6369999999999996,68.10393032015065,27.697,96.441,68.744,96.441,104.90143112205809,2.4522210084722222,94.32249351380268,12,95.70629969287256,0.00717197153297218,0.13555953012445413,0.5767977658831743,93.21519525769172
battery00,33,False,0.11049045075507473,506.13000000000466,2.309889753623442,14.751069461806482,16.41441539491984,6.388874517374517,8.589,4.906000000000001,3.683,67.08398069498068,26.754,94.975,68.22099999999999,95.337,104.80289739407718,2.4522210084722222,94.19582271104287,13,95.70629969287256,0.007276786596328939,0.13478948096338758,0.5711957154499943,93.5390114283938
battery00,34,False,0.11013686514895583,505.3390000000072,2.3066053027508553,14.732103502240385,16.41650575959342,6.392129343629344,8.588,4.928999999999999,3.659,68.03519884169884,27.376,96.356,68.97999999999999,96.356,104.86963450733008,2.4522210084722222,94.06188491093272,14,95.70629969287256,0.0072406839764988405,0.13650242708359933,0.573940381928272,93.66062324782806
battery00,35,False,0.11036292276964656,505.01799999998184,2.306497925591448,14.723892104418963,16.426125142169774,6.386787819253438,8.586,4.92,3.6660000000000004,67.48266601178781,27.503,95.768,68.265,95.768,104.84120804816659,2.4522210084722222,94.05750613923816,15,95.70629969287256,0.007259147198713971,0.1351733997600134,0.5730258560447239,93.4106251156288
battery00,36,False,0.11057620845076631,502.8040000000037,2.295908148352262,14.637526491333375,16.423390316083623,6.380922641509434,8.578,4.928999999999999,3.649,67.09602452830188,26.88,95.552,68.67200000000001,95.552,104.73116168502013,2.4522210084722222,93.62566181514993,16,95.70629969287256,0.007257301055679694,0.13657807018241602,0.5746094660760084,93.50164661366595
battery00,37,False,0.11698075020379314,500.3510000000242,2.285842601197519,14.483516875900541,16.43118169828757,6.339552182163188,8.5,4.941,3.559,66.32072296015178,22.994,96.543,73.549,96.543,104.10227613645165,2.4522210084722222,93.21519525769172,17,95.70629969287256,0.007113006669317795,0.14699480964362308,0.5812941176470589,93.07396575958394
battery00,38,False,0.11029005560806775,502.137000000017,2.2937832893643058,14.625213192576728,16.429457639082063,6.378777777777778,8.581,4.912,3.6689999999999996,68.13984099616859,27.467,96.204,68.737,96.204,104.73390503548109,2.4522210084722222,93.5390114283938,18,95.70629969287256,0.00730677086133839,0.13688893668460533,0.5724274560074584,93.00406314423674
battery00,39,False,0.10888366249155834,502.7850000000035,2.296765479949258,14.650380542746472,16.429772894208977,6.381463178294574,8.585,4.917,3.668000000000001,68.43967248062016,28.062,97.368,69.306,97.368,104.77919901378863,2.4522210084722222,93.66062324782806,19,95.70629969287256,0.007295364817963892,0.13784420776276046,0.572743156668608,92.72628437541904
battery00,40,False,0.11003431182171709,501.0920000000042,2.2906349732306794,14.597825755256126,16.440701865233965,6.379170873786408,8.579,4.9110000000000005,3.668,67.84456504854369,27.852,96.458,68.606,96.458,104.81077711129421,2.4522210084722222,93.4106251156288,20,95.70629969287256,0.007320013091408303,0.13691298204720773,0.5724443408322648,92.5864737667481
battery00,41,True,0.008335538502249587,3276.410999999993,2.2928670215277727,16.73637762699109,2.51931746031746,7.297135531135531,8.397,4.9110000000000005,3.4859999999999998,28.32433943833944,28.011,32.611,4.599999999999998,32.611,18.383832956043957,2.4522210084722222,93.50164661366595,0,93.50164661366595,0.0010639690808021361,0.00140397526439754,0.5848517327617007,92.33234253237192
battery00,42,False,0.12935013780186633,499.0089999999618,2.28237934177476,14.450084273431676,16.449635675602806,6.331740963855421,8.509,4.925,3.5840000000000005,66.56255823293172,22.886,97.022,74.13600000000001,97.022,104.08734810457737,2.4522210084722222,93.07396575958394,1,93.50164661366595,0.007182235190147422,0.14856645872119678,0.5787989187918674,92.440825258025
battery00,43,False,0.11112797452808329,498.5570000000298,2.2806651751557445,14.493611985034441,16.45293255280725,6.3577328244274804,8.576,4.936,3.6400000000000006,68.33241603053436,27.207,96.154,68.947,96.154,104.53642080592519,2.4522210084722222,93.00406314423674,2,93.50164661366595,0.007301070890589808,0.13829311392678445,0.5755597014925373,92.40609936297675
battery00,44,False,0.11114716281350305,496.6120000000228,2.2738534258297216,14.440732281516627,16.467988447797033,6.353622605363984,8.572000000000001,4.96,3.612000000000001,67.41012068965519,26.817,96.069,69.25200000000001,96.069,104.56375872296557,2.4522210084722222,92.72628437541904,3,93.50164661366595,0.0072732837708308195,0.13944890578559685,0.5786280914605693,92.31825716224353
battery00,45,False,0.11053847585938928,495.6919999999809,2.2704249607118197,14.433362981061883,16.473580371174968,6.362630476190476,8.567,4.942,3.625,66.81892571428571,27.009,94.327,67.318,94.327,104.74960513350094,2.4522210084722222,92.5864737667481,4,93.50164661366595,0.007313008884549558,0.1358061054041675,0.5768647134352749,92.31830535375286
battery00,46,False,0.1145754931387915,494.0260000000126,2.2641931011933574,14.34281867582583,16.483639108116044,6.3375637065637065,8.538,4.93,3.6080000000000005,65.93324131274132,24.674,95.106,70.43199999999999,95.106,104.40003678346464,2.4522210084722222,92.33234253237192,5,93.50164661366595,0.007303259342625507,0.14256739523830364,0.5774185992035605,92.2549277967033
battery00,47,False,0.11155233229350232,494.55300000001444,2.2668533373823854,14.3979100176781,16.48550860779177,6.354282945736434,8.568,4.913,3.6549999999999994,67.16288759689922,26.805,95.668,68.863,95.668,104.68606045638238,2.4522210084722222,92.440825258025,6,93.50164661366595,0.0073905122403461155,0.1392429122864445,0.5734126984126985,92.10973262146774
battery00,48,False,0.11086758437212309,494.3080000000191,2.266001781688632,14.401496441541045,16.487007233064098,6.358463073852295,8.568999999999999,4.95,3.618999999999999,68.10732934131735,27.646,97.005,69.359,97.005,104.76224309710081,2.4522210084722222,92.40609936297675,7,93.50164661366595,0.007321346205199712,0.14031534994375433,0.5776636713735559,92.05233492349053
battery00,49,False,0.11045676908384408,493.579000000027,2.2638476967879475,14.38007887524528,16.495863777704397,6.352231075697211,8.567,4.9510000000000005,3.6159999999999997,67.89041832669324,27.527,96.305,68.778,96.305,104.71542633390406,2.4522210084722222,92.31825716224353,8,93.50164661366595,0.0073260815391250475,0.13934547458460803,0.5779152562157115,91.9483369358719
battery00,50,False,0.11113784654239812,493.4439999999595,2.263848878550264,14.366135390146018,16.49998978563182,6.350193548387097,8.566,4.91,3.6560000000000006,67.5860947580645,27.29,95.969,68.679,95.969,104.7082608594652,2.4522210084722222,92.31830535375286,9,93.50164661366595,0.0074091487585223464,0.1391829670641565,0.5731963576932056,91.67564481258017
battery00,51,False,0.12164061535854694,492.90400000003865,2.262294720781638,14.350482577092366,16.50637914577254,6.345042769857434,8.565,4.901,3.6639999999999997,67.94789613034624,27.329,97.351,70.02199999999999,97.351,104.66346273386868,2.4522210084722222,92.2549277967033,10,93.50164661366595,0.007433496177754111,0.14206011718305087,0.5722124927028605,91.70795323226514
battery00,52,False,0.12111778397995955,491.98399999999674,2.258734214191224,14.329165593712103,16.51120831822806,6.346879098360656,8.565,4.904,3.6609999999999996,68.06238934426229,27.558000000000003,96.868,69.30999999999999,96.868,104.72308278274498,2.4522210084722222,92.10973262146774,11,93.50164661366595,0.0074412989040294475,0.14087856515659136,0.5725627553998832,89.77307152675513
battery00,53,False,0.12166962335341482,491.5109999999986,2.257326695783047,14.313547078799493,16.516811169230486,6.344643892339544,8.564,4.902,3.662,68.05656935817807,27.614,97.212,69.598,97.212,104.7213932801001,2.4522210084722222,92.05233492349053,12,93.50164661366595,0.0074504944955453905,0.14160008626460077,0.5723960765997198,91.63885190229671
battery00,54,False,0.12165117511749811,490.70100000000093,2.2547764352822743,14.292369568890283,16.525071834051992,6.3417071129707105,8.562000000000001,4.905,3.657000000000001,68.11515271966526,27.653,96.577,68.924,96.577,104.72484889228677,2.4522210084722222,91.9483369358719,13,93.50164661366595,0.007452603520269969,0.14046028029288687,0.5728801681850034,91.66986990176095
battery00,55,False,0.11861805483627638,488.94699999998556,2.248089421746466,14.149619069934282,16.536308021289862,6.298499029126213,8.493,4.92,3.5730000000000004,66.12865825242719,23.074,96.475,73.401,96.492,104.08870558945402,2.4522210084722222,91.67564481258017,14,93.50164661366595,0.007307540490073783,0.15012056521463915,0.5793006004945249,91.6851240762948
battery00,56,False,0.11017866312236951,488.93900000001304,2.248881695601486,14.251954187083417,16.54235552617296,6.338857421875,8.561,4.905,3.6559999999999997,67.895064453125,27.653,96.56,68.90700000000001,96.594,104.79183568940992,2.4522210084722222,91.70795323226514,15,93.50164661366595,0.00747741538310485,0.14093169086531893,0.5729470856208387,91.56006034193214
battery00,57,False,0.11424105261797776,478.2600000000093,2.201434119929884,13.883337415542313,16.554668124948755,6.309733598409544,8.529,4.94,3.5889999999999995,65.36966003976143,24.662,93.784,69.12200000000001,93.784,104.38732047964454,2.4522210084722222,89.77307152675513,16,93.50164661366595,0.0075042863714296195,0.1445280809601444,0.5792003751905265,91.27947827884904
battery00,58,False,0.11492584156595724,487.8769999999786,2.247187178270867,14.138943888883054,16.565702988627084,6.294918972332017,8.502,4.94,3.5620000000000003,65.83650988142294,22.63,96.272,73.64200000000001,96.272,104.21371791662148,2.4522210084722222,91.63885190229671,17,93.50164661366595,0.007301020544112874,0.15094378296169575,0.581039755351682,91.16641635731459
battery00,59,False,0.10899137819680228,488.25,2.2479478081701365,14.183436478180507,16.558874033689026,6.31232358674464,8.539,4.909,3.63,67.57852436647173,26.075,97.805,71.73,97.805,104.45872089497246,2.4522210084722222,91.66986990176095,18,93.50164661366595,0.007434715821812596,0.14691244239631338,0.5748916734980677,90.95238531605571
battery00,60,False,0.10818272575613161,488.09399999998277,2.2483218742427247,14.217455736052038,16.56649664576627,6.327116,8.544,4.926,3.6180000000000003,67.305638,26.506,95.969,69.463,95.969,104.74948797010119,2.4522210084722222,91.6851240762948,19,93.50164661366595,0.0074125066073340955,0.14231480001803432,0.5765449438202247,90.5267427106735
battery00,61,False,0.10815413071604253,487.28999999997905,2.245255035074704,14.194278278389977,16.570950223065232,6.3241983805668,8.542,4.934,3.6079999999999997,67.39758906882591,26.585,96.492,69.90700000000001,96.492,104.72874550209045,2.4522210084722222,91.56006034193214,20,93.50164661366595,0.007404215149090182,0.14346077284574488,0.5776164832591899,91.33508025524823
battery00,62,True,0.00793545827271508,3196.657999999996,2.238374542777775,16.198202057789892,2.5208055207026354,7.233407779171895,8.361,4.904,3.4570000000000007,28.306969887076537,26.538,33.47,6.931999999999999,33.47,18.233900089397743,2.4522210084722222,91.27947827884904,0,91.27947827884904,0.0010814419309166027,0.002168514742584289,0.5865327113981581,90.51227150839023
battery00,63,False,0.11712749058089161,484.9990000000107,2.235602014585325,14.141882794912329,16.57730391223377,6.3301304347826095,8.546,4.955,3.5909999999999993,67.17784265010351,26.714,97.074,70.36,97.074,104.86516443216306,2.4522210084722222,91.16641635731459,1,91.27947827884904,0.007404138977605975,0.14507246406693303,0.5798034168031828,90.4299828289162
battery00,64,False,0.12373412417779886,483.78899999998976,2.2303535004269226,14.07115955796663,16.57959787875121,6.311941666666667,8.537,4.913,3.6240000000000006,67.66393333333333,26.345,96.322,69.977,96.322,104.57764812605225,2.4522210084722222,90.95238531605571,2,91.27947827884904,0.007490868953200832,0.1446436359652689,0.5754949045332084,92.40855592862299
battery00,65,False,0.12020853092590798,481.23500000004424,2.2199158030367316,13.890892729173453,16.59025684039039,6.259019960079841,8.487,4.918,3.569,67.85661876247505,22.81,97.858,75.048,97.858,103.77080185288263,2.4522210084722222,90.5267427106735,3,91.27947827884904,0.007416335054598423,0.15594875684435483,0.5794744903970779,90.50082331231984
battery00,66,False,0.10768647463811296,485.4100000000326,2.2397380261241615,14.144792260350492,16.594272562350792,6.318304878048781,8.543,4.923,3.619999999999999,67.43109146341463,27.23,96.069,68.839,96.069,104.77788843957126,2.4522210084722222,91.33508025524823,4,91.27947827884904,0.007457613151768106,0.14181619661728306,0.5762612665340046,90.26531590095188
battery00,67,False,0.11958266481417261,480.40600000001723,2.2195609371741627,13.891518033589152,16.616358948714666,6.262654150197629,8.465,4.914,3.551,67.14401383399209,23.001,98.407,75.40599999999999,98.407,103.99694213447805,2.4522210084722222,90.51227150839023,5,91.27947827884904,0.007391664550400854,0.15696306873768706,0.580507974010632,89.87289088084415
battery00,68,False,0.11485948916115617,479.87799999996787,2.217543036888506,13.889073931305974,16.619712535287672,6.266043478260871,8.454,4.946000000000001,3.508,64.55285968379447,23.159,94.023,70.864,94.023,104.07400890584655,2.4522210084722222,90.4299828289162,6,91.27947827884904,0.007310191340299482,0.14767086634520596,0.5850484977525432,90.1166443074695
battery00,69,False,0.11927246094175306,490.225999999966,2.266062022107496,14.264180368111484,16.62482003908039,6.29948046875,8.606,4.931,3.675,65.087548828125,23.151,93.406,70.25500000000001,93.406,104.65908181589297,2.4522210084722222,92.40855592862299,7,91.27947827884904,0.007496542411051749,0.14331145226896347,0.5729723448756682,89.98923255050889
battery00,70,False,0.10877954775066595,480.00500000000466,2.2192802021050335,13.98903439110057,16.62798803225536,6.306262,8.533,4.907,3.6259999999999994,66.295994,26.165,93.864,67.69900000000001,93.864,104.79202795862298,2.4522210084722222,90.50082331231984,8,91.27947827884904,0.007554087978250152,0.1410381141863092,0.5750615258408532,89.51583664910025
battery00,71,False,0.10974164506498567,478.5899999999674,2.213505039886959,13.949951965766536,16.63370496115381,6.305839430894308,8.532,4.948,3.5839999999999996,66.0695,26.341,94.408,68.06700000000001,94.408,104.81866377817254,2.4522210084722222,90.26531590095188,9,91.27947827884904,0.007488664618985444,0.1422240330972328,0.5799343647444913,89.54701898924851
battery00,72,False,0.11504845479184984,476.0910000000149,2.2038819111013765,13.776961515684063,16.648063346504014,6.253747454175153,8.493,4.933,3.5600000000000005,64.0221649694501,22.902,92.353,69.451,92.353,104.04272330569717,2.4522210084722222,89.87289088084415,10,91.27947827884904,0.007477562062714668,0.1458775738251675,0.5808312728129047,89.41463507378887
battery00,73,False,0.10821297775329333,477.1790000000037,2.209859283837954,13.911890564561576,16.655455709261535,6.295279352226721,8.533999999999999,4.939,3.594999999999999,65.45027125506073,26.177,93.187,67.00999999999999,93.187,104.78010417487206,2.4522210084722222,90.1166443074695,11,91.27947827884904,0.007533860459072949,0.14042948243740708,0.5787438481368644,89.324018770235
battery00,74,False,0.11173925842586709,476.2039999999688,2.2067348659665025,13.8436435560405,16.665648005181765,6.276334702258726,8.512,4.941,3.5710000000000006,64.78185420944558,24.291,93.422,69.131,93.422,104.52926314656752,2.4522210084722222,89.98923255050889,12,91.27947827884904,0.007498887031608795,0.1451709771442586,0.5804746240601504,89.03336327999251
battery00,75,False,0.1222425796281518,473.7390000000014,2.195126152218913,13.813303707724332,16.66360384475542,6.2958834745762715,8.546,4.935,3.6109999999999998,66.07392161016949,26.974,93.642,66.66799999999999,93.642,104.83767275230839,2.4522210084722222,89.51583664910025,13,91.27947827884904,0.007622340571496096,0.14072727810038818,0.5774631406505968,89.03125471855793
battery00,76,False,0.12368886450781183,473.804999999993,2.1958908121149623,13.812727826271159,16.66702278073502,6.293414012738854,8.545,4.91,3.635,66.32547558386412,27.143,94.295,67.152,94.295,104.81811849739083,2.4522210084722222,89.54701898924851,14,91.27947827884904,0.007671932546089748,0.14172919238927617,0.5746050321825629,88.96219212165282
battery00,77,False,0.1237499927929535,472.8520000000135,2.1926444659282227,13.792245709955102,16.675673414246813,6.2954484978540775,8.545,4.938,3.607,65.91704721030042,27.29,94.327,67.037,94.327,104.9040916232539,2.4522210084722222,89.41463507378887,15,91.27947827884904,0.0076281796418327455,0.14177163256155856,0.5778818022235225,88.86546793136824
battery00,78,False,0.12273495688741945,472.2270000000135,2.1904223538953738,13.771401982331101,16.681064980492867,6.290405982905982,8.544,4.912,3.6320000000000006,65.88395726495726,27.033,92.953,65.92,92.953,104.85502163707005,2.4522210084722222,89.324018770235,16,91.27947827884904,0.007691216300634857,0.1395938817560159,0.5749063670411985,88.95265653926614
battery00,79,False,0.11982220794796776,470.5679999999702,2.1832948389013698,13.603675544239113,16.686434356857966,6.233780684104628,8.461,4.913,3.548,65.44571830985916,22.986,94.375,71.389,94.375,103.95096826109906,2.4522210084722222,89.03336327999251,17,91.27947827884904,0.007539824212441613,0.15170814845039296,0.5806642240869874,88.73764330110588
battery00,80,False,0.11180233136238482,470.4099999999744,2.183243132314894,13.722460124459761,16.691655538230414,6.2884412955465585,8.546,4.932,3.613999999999999,66.42038663967612,27.345,94.91,67.565,94.91,104.89228453331712,2.4522210084722222,89.03125471855793,18,91.27947827884904,0.00768265980740247,0.14363002487192805,0.577112099227709,88.62647107482488
battery00,81,False,0.10927694467288919,469.89400000002934,2.1815495648045906,13.684100476586842,16.696795836542,6.27434008097166,8.525,4.906000000000001,3.6189999999999998,65.36933400809717,25.86,93.249,67.389,93.249,104.69162727174749,2.4522210084722222,88.96219212165282,19,91.27947827884904,0.007701736987490314,0.14341319531638155,0.575483870967742,88.76847612855168
battery00,82,False,0.11077823762139792,469.04999999998836,2.1791776738901576,13.635212276320242,16.70875059124368,6.259973469387755,8.519,4.932,3.5869999999999997,65.3657306122449,25.248,93.202,67.954,93.202,104.52465347820555,2.4522210084722222,88.86546793136824,20,91.27947827884904,0.007647372348363903,0.14487581281313652,0.5789411902805494,88.64893004127654
battery00,83,True,0.010712160285657309,3115.8120000000345,2.181315731250024,15.660825811946536,2.520285536547434,7.181065318818041,8.337,4.901,3.436,28.48097418351477,26.138,34.534,8.395999999999997,34.538000000000004,18.09838414339036,2.4522210084722222,88.95265653926614,0,88.95265653926614,0.0011027622975968902,0.002694642680623832,0.5878613410099556,88.73372526536545
battery00,84,False,0.11318966521740825,468.4440000000177,2.176043131452862,13.660820468299335,16.705942692084253,6.280931106471817,8.54,4.904,3.6359999999999992,66.85096033402922,27.262,95.768,68.506,95.768,104.85506978615278,2.4522210084722222,88.73764330110588,1,88.95265653926614,0.007761866946742539,0.1462415998497097,0.5742388758782202,88.45501649034084
battery00,85,False,0.12098710974139044,467.5570000000298,2.173316942764413,13.528017018873934,16.716243517878905,6.227709745762713,8.478,4.914,3.564,65.34058686440677,22.917,93.784,70.867,93.816,104.03059278647856,2.4522210084722222,88.62647107482488,2,88.95265653926614,0.007622600025237079,0.151568685743119,0.5796178343949044,88.5390862791344
battery00,86,False,0.11543793890410255,468.2129999999888,2.176799220524994,13.54737257139202,16.72024624222008,6.227680244399186,8.468,4.945,3.5229999999999997,64.18081262729125,22.882,92.737,69.85499999999999,92.737,104.05772464731498,2.4522210084722222,88.76847612855168,3,88.95265653926614,0.007524353232396546,0.14919491769771803,0.5839631554085971,88.2501296202017
battery00,87,False,0.11082958436634494,467.36900000006426,2.1738676862580264,13.595288977930917,16.727580732609514,6.256968944099379,8.516,4.91,3.606,64.86832919254658,25.206,92.938,67.732,92.938,104.59172651100847,2.4522210084722222,88.64893004127654,4,88.95265653926614,0.007715530983012361,0.14492189255168975,0.576561766087365,88.12088596852793
battery00,88,False,0.10967410105145393,467.7420000000857,2.1759470525573157,13.625710974164779,16.730433909934774,6.2615,8.526,4.907,3.6189999999999998,65.28463278008299,26.373,92.737,66.36399999999999,92.737,104.68497968559028,2.4522210084722222,88.73372526536545,5,88.95265653926614,0.007737171346595638,0.14188163560250702,0.5755336617405583,87.93821653108922
battery00,89,False,0.10983459111829831,466.06299999996554,2.1691124974237064,13.573419748960218,16.737572242724312,6.26287029288703,8.522,4.9430000000000005,3.5789999999999997,65.08154184100418,25.931,92.064,66.133,92.064,104.75155397507052,2.4522210084722222,88.45501649034084,6,88.95265653926614,0.007679219333009195,0.14189712549591985,0.5800281624031918,88.02659739511043
battery00,90,False,0.12126263382051165,466.35699999995995,2.1711740744462804,13.569549133840153,16.742633304864462,6.252995708154506,8.519,4.909,3.6100000000000003,64.86762446351932,25.599,91.596,65.997,91.596,104.61705311906506,2.4522210084722222,88.5390862791344,7,88.95265653926614,0.007740850893200511,0.14151604886386537,0.5762413428806198,87.82634357841033
battery00,91,False,0.12413095917275734,464.68700000003446,2.1640882185505537,13.492579272986223,16.748300885751966,6.237797008547009,8.502,4.934,3.5680000000000005,64.56539316239316,24.237,93.437,69.2,93.437,104.39772479863706,2.4522210084722222,88.2501296202017,8,88.95265653926614,0.0076782866746858336,0.14891744335433285,0.5803340390496353,87.6586418816851
battery00,92,False,0.12447475629377282,463.8420000000624,2.1609188785720925,13.46699807045691,16.75337237608287,6.235425110132158,8.5,4.947,3.553,64.22035462555066,24.252,93.658,69.406,93.658,104.38771586091906,2.4522210084722222,88.12088596852793,9,88.95265653926614,0.007659935926456685,0.14963284911670496,0.582,87.10275247858644
battery00,93,False,0.11490717265698254,462.56199999991804,2.1564394202511625,13.410804323052444,16.766079032404328,6.222057613168724,8.481,4.913,3.5679999999999996,64.5822098765432,23.47,93.234,69.764,93.234,104.24794168363898,2.4522210084722222,87.93821653108922,10,88.95265653926614,0.00771356056053163,0.1508208629329957,0.5792948944699918,87.38648213291881
battery00,94,False,0.11649776170511199,462.8539999999339,2.15860671436616,13.397583991417545,16.7724063645564,6.211641975308641,8.469,4.9110000000000005,3.557999999999999,63.681267489711935,22.557,92.953,70.396,92.953,104.11246941055136,2.4522210084722222,88.02659739511043,11,88.95265653926614,0.00768708923332305,0.15209115617453897,0.5798795607509742,87.44864898832873
battery00,95,False,0.11335099716642495,461.8059999999823,2.1536960482027725,13.409515071054152,16.772083206010993,6.229389690721649,8.497,4.927,3.5700000000000003,64.58118969072164,24.09,93.896,69.806,93.896,104.40762856017514,2.4522210084722222,87.82634357841033,12,88.95265653926614,0.007730518875891905,0.1511587116668096,0.5798517123690714,87.23351982276148
battery00,96,False,0.11352878699215653,460.7269999999553,2.1495836319641124,13.374964701328285,16.778880222892486,6.2253452631578945,8.497,4.923,3.574,64.17182736842106,23.851,92.629,68.778,92.629,104.38020437070305,2.4522210084722222,87.6586418816851,13,88.95265653926614,0.00775730530227303,0.14928146168990894,0.5793809579851712,87.44404747582874
battery00,97,False,0.12152254932529494,457.829000000027,2.135951995237456,13.221434722863851,16.778066207404517,6.194576519916143,8.448,4.919,3.529000000000001,65.17653668763103,22.779,94.845,72.066,94.845,103.85996906801239,2.4522210084722222,87.10275247858644,14,88.95265653926614,0.0077081180964940895,0.15740811525699716,0.5822679924242423,87.27739749090378
battery00,98,False,0.11291353829108973,459.28899999998976,2.14290967342826,13.4003514994238,16.779348010154308,6.25739293139293,8.536,4.93,3.606,67.24080041580042,27.792,97.04,69.248,97.04,104.92021768075095,2.4522210084722222,87.38648213291881,15,88.95265653926614,0.007851265760773893,0.15077217176984764,0.5775538894095595,87.12639948862181
battery00,99,False,0.11290089300925424,459.5699999999488,2.1444341421169284,13.402571064517987,16.781016269294806,6.252326359832636,8.536,4.902,3.6339999999999995,67.38330962343096,27.864,95.353,67.48899999999999,95.353,104.84599411728057,2.4522210084722222,87.44864898832873,16,88.95265653926614,0.007907391692234925,0.1468524925473976,0.5742736644798501,86.88045892321674
battery00,100,False,0.11212396151230164,458.3179999999702,2.1391586995235374,13.371017921535897,16.785229884669526,6.253875,8.537,4.924,3.6130000000000004,67.53627754237289,27.848000000000003,94.91,67.062,94.91,104.8964693073209,2.4522210084722222,87.23351982276148,17,88.95265653926614,0.007883172818873,0.14632198604463353,0.5767834133770645,86.69850156583624
battery00,101,False,0.11307978188768636,459.09699999995064,2.144321302860696,13.347098255199862,16.797180256070675,6.227402569593148,8.505,4.924,3.5810000000000004,66.39926980728052,25.21,96.137,70.92699999999999,96.137,104.52707433722975,2.4522210084722222,87.44404747582874,18,88.95265653926614,0.0078000945334001,0.15449240574433643,0.5789535567313345,86.7280252433396
battery00,102,False,0.11406140179599228,458.0720000000438,2.140234676919751,13.303351134003755,16.802373958770414,6.219187904967604,8.497,4.94,3.5569999999999995,66.00680993520518,24.519,95.469,70.94999999999999,95.469,104.42073222659785,2.4522210084722222,87.27739749090378,19,88.95265653926614,0.00776515482282187,0.15488831450076235,0.5813816641167472,85.2172049070886
battery00,103,False,0.11347793484590117,457.20100000000093,2.136531872185419,13.273643573347751,16.804675787683635,6.2167621145374445,8.497,4.946000000000001,3.5509999999999993,65.63581497797357,24.43,93.453,69.023,93.453,104.3929907109125,2.4522210084722222,87.12639948862181,20,88.95265653926614,0.007766824656988922,0.15096861117976526,0.5820877956925975,86.99849632869815
battery00,104,True,0.007935458272715785,3043.2909999999683,2.1305008659722002,15.18201848498702,2.5202323097463286,7.128791054739653,8.306000000000001,4.907,3.399000000000001,28.646078771695596,25.217,34.778,9.561,34.778,17.96613585013351,2.4522210084722222,86.88045892321674,0,86.88045892321674,0.0011168830059301053,0.0031416647307142497,0.5907777510233565,86.7507931361537
battery00,105,False,0.12498109696034908,454.997999999905,2.1260388694280548,13.27000782156602,16.80300472250272,6.246493212669683,8.532,4.924,3.6079999999999997,66.2104773755656,27.345,94.167,66.822,94.167,104.8780622385386,2.4522210084722222,86.69850156583624,1,86.88045892321674,0.007929705185518953,0.14686218400963072,0.577121425222691,86.41825646515912
battery00,106,False,0.12483691713878181,454.92599999997765,2.126762855250266,13.262214744139728,16.811124266942482,6.239440639269406,8.533999999999999,4.902,3.631999999999999,66.29860502283104,27.709,93.88,66.17099999999999,93.88,104.80891356802958,2.4522210084722222,86.7280252433396,2,86.88045892321674,0.007983716032937615,0.14545442555493254,0.5744082493555192,86.54113538240945
battery00,107,False,0.12257169458215758,446.75599999993574,2.089714201564448,12.868911085794016,16.821111989498515,6.162525054466231,8.432,4.907,3.5250000000000004,64.28807843137255,22.446,93.187,70.741,93.187,103.58388341975237,2.4522210084722222,85.2172049070886,3,86.88045892321674,0.00789021300217682,0.15834370439347245,0.5819497153700189,86.09041145156027
battery00,108,False,0.11435858630945064,455.1109999999171,2.133395404027271,13.230066675099733,16.85749953040887,6.20448275862069,8.493,4.908,3.585,64.38343965517241,24.133000000000003,92.537,68.404,92.537,104.51772819114781,2.4522210084722222,86.99849632869815,4,86.88045892321674,0.007877199188770768,0.1503017945073014,0.5778876722006359,86.10364085968595
battery00,109,False,0.11359633144308592,453.81400000001304,2.1273211743010396,13.207181351877415,16.85709814736696,6.213464757709252,8.501,4.907,3.5939999999999994,64.82652643171807,24.961,93.359,68.398,93.359,104.66396370870271,2.4522210084722222,86.7507931361537,5,86.88045892321674,0.007919544130414435,0.15071813562384156,0.5772262086813317,85.96215774178533
battery00,110,False,0.11376182686326453,452.78100000007544,2.1191666401940363,13.151098870610255,16.830911478136876,6.211356828193833,8.502,4.936,3.5660000000000007,64.05065418502203,24.845,92.17,67.325,92.17,104.4647831165218,2.4522210084722222,86.41825646515912,6,86.88045892321674,0.007875772172417585,0.14869219335614522,0.5805692778169842,86.00988384245849
battery00,111,False,0.12401230793029071,453.51800000004005,2.122179902817832,13.163857300599336,16.827335756630177,6.203554323725055,8.5,4.9,3.5999999999999996,65.49315299334812,25.21,94.812,69.602,94.812,104.31082151661346,2.4522210084722222,86.54113538240945,7,86.88045892321674,0.00793794292618966,0.15347130654129243,0.5764705882352942,86.12245918357677
battery00,112,False,0.12272195559475552,451.0130000000354,2.111127155895337,13.002538041264856,16.833612178290245,6.162058947368421,8.441,4.907,3.5340000000000007,65.89234526315789,23.059,95.768,72.709,95.768,103.65730169039645,2.4522210084722222,86.09041145156027,8,86.88045892321674,0.007835694314797408,0.16121264797244048,0.5813292263949769,86.0361057895959
battery00,113,False,0.11329820817424134,451.26499999989755,2.1114515702206913,13.140444834362034,16.826819683325343,6.226675105485232,8.531,4.9030000000000005,3.628,66.71128902953586,27.879,95.172,67.29299999999999,95.172,104.6994650495025,2.4522210084722222,86.10364085968595,9,86.88045892321674,0.008039621951626701,0.14912080484862614,0.5747274645410855,85.85063014085985
battery00,114,False,0.11337919559268901,450.57400000002235,2.107982091480091,13.126532117154207,16.824756993857577,6.2303893617021275,8.532,4.94,3.5919999999999996,67.7668170212766,28.186,94.812,66.626,94.812,104.74754934305838,2.4522210084722222,85.96215774178533,10,86.88045892321674,0.007972053425186143,0.14786916244611695,0.5789967182372247,86.00804280976287
battery00,115,False,0.11202602638629972,450.6269999999786,2.1091524409473226,13.139070835383066,16.83168230987909,6.233015317286652,8.533,4.948,3.584999999999999,67.60342669584246,28.636,96.305,67.66900000000001,96.305,104.83308014988751,2.4522210084722222,86.00988384245849,11,86.88045892321674,0.00795558188923471,0.15016632381105266,0.5798664010312904,85.70762971045156
battery00,116,False,0.11273687566779012,450.8539999999339,2.111913037112584,13.091579387220364,16.845396544099895,6.204006550218342,8.5,4.944,3.556,66.51334279475982,25.653,95.668,70.01500000000001,95.668,104.4310435418337,2.4522210084722222,86.12245918357677,12,86.88045892321674,0.007887253966917276,0.15529417505447501,0.5816470588235294,85.61754348938433
battery00,117,False,0.11342184206718389,450.2399999999907,2.1097954610438565,13.070017966671726,16.85125253898768,6.198298901098902,8.498,4.928,3.5699999999999994,66.51452087912088,25.521,96.255,70.734,96.255,104.37138118074256,2.4522210084722222,86.0361057895959,13,86.88045892321674,0.007929104477612104,0.157102878464822,0.5799011532125207,85.56826179998312
battery00,118,False,0.11700784152251299,449.0469999999041,2.105247188219951,12.998757044300186,16.859091293427362,6.179669642857143,8.482000000000001,4.933,3.5490000000000013,65.36801785714286,23.886,94.553,70.667,94.553,104.10422496258568,2.4522210084722222,85.85063014085985,14,86.88045892321674,0.007903404320707541,0.15737105470032112,0.5815845319500117,85.46345882328201
battery00,119,False,0.12503622447388407,450.0419999998994,2.1091072947567877,13.05480663930129,16.85265548561235,6.193197752808989,8.498,4.909,3.5889999999999995,66.23614382022473,25.564,96.526,70.96199999999999,96.543,104.29245237689545,2.4522210084722222,86.00804280976287,15,86.88045892321674,0.007974811239841619,0.15767861666248006,0.577665333019534,84.58434159177098
battery00,120,False,0.12522423781167152,448.4409999999916,2.101740501623273,13.009332622136544,16.853450614760177,6.193421052631579,8.498,4.942,3.555999999999999,66.063352402746,25.688,95.304,69.616,95.304,104.29879159831916,2.4522210084722222,85.70762971045156,16,86.88045892321674,0.00792969420726487,0.15524004272580183,0.5815485996705108,85.03301807904238
battery00,121,False,0.12553722655435964,447.6820000000298,2.099531388384524,12.991446513031786,16.864086532137502,6.191241299303945,8.497,4.95,3.5469999999999997,66.19663573085847,25.529,95.651,70.122,95.651,104.32707936582554,2.4522210084722222,85.61754348938433,17,86.88045892321674,0.007923034654061955,0.15663350324559694,0.5825585500764976,84.79174976277176
battery00,122,False,0.1253079825259951,447.3839999999618,2.098322892443697,12.977231980825236,16.865222081192712,6.1866018735363,8.497,4.938,3.559,66.1269531615925,25.497,95.785,70.288,95.785,104.25531933037414,2.4522210084722222,85.56826179998312,18,86.88045892321674,0.007955134738838009,0.15710888185542174,0.581146286924797,84.54516366606768
battery00,123,False,0.12599247691315643,446.7399999999907,2.0957528918315287,12.950925186208329,16.86861668407198,6.183377990430622,8.497,4.931,3.566,65.52119377990431,25.307,95.057,69.75,95.057,104.21923778327702,2.4522210084722222,85.46345882328201,19,86.88045892321674,0.00798227156735478,0.15613108295653277,0.5803224667529716,84.62956312843352
battery00,124,False,0.1245285304425123,442.20999999996275,2.074194994391316,12.705117398779981,16.86803826866737,6.128774678111588,8.426,4.921,3.505,66.4092660944206,22.856,97.282,74.42599999999999,97.282,103.30566464245099,2.4522210084722222,84.58434159177098,20,86.88045892321674,0.007926098460008356,0.16830465163611463,0.5840256349394731,84.70610461485953
battery00,125,True,0.0107100357001187,2978.408000000054,2.08519753347226,14.75927001598872,2.52037661498708,7.075823320413437,8.274,4.907,3.366999999999999,28.968614341085267,24.314,36.3,11.985999999999997,36.3,17.833733972868217,2.4522210084722222,85.03301807904238,0,85.03301807904238,0.0011304697005917047,0.004024297544191319,0.5930626057529611,84.3191698062989
battery00,126,False,0.11475107102620459,443.6109999999171,2.0792811011338848,12.91101567831828,16.855740641556807,6.2130875273522985,8.527999999999999,4.944,3.5839999999999987,67.76586214442013,28.17,96.17,68.0,96.17,104.64235343758696,2.4522210084722222,84.79174976277176,1,85.03301807904238,0.008079150426839434,0.15328745229494467,0.5797373358348968,83.93856265833094
battery00,127,False,0.12530513100934465,441.9089999999851,2.0732342650665356,12.71692620754949,16.87070821895286,6.138943438914028,8.449,4.945,3.5039999999999996,65.86145022624434,22.94,95.469,72.529,95.469,103.48859421087087,2.4522210084722222,84.54516366606768,2,85.03301807904238,0.007929234299369594,0.16412655094148895,0.5852763640667535,83.7806146307298
battery00,128,False,0.12497227551211605,442.3889999999665,2.0753039264137083,12.711684073859942,16.870248860789218,6.128592274678112,8.439,4.906000000000001,3.5329999999999995,65.8997381974249,22.894,96.187,73.293,96.187,103.31519590927897,2.4522210084722222,84.62956312843352,3,85.03301807904238,0.007986184104939922,0.16567545757242055,0.5813485010072285,83.97562370078289
battery00,129,False,0.11178440695423243,442.7380000000121,2.077180892824044,12.873493129937408,16.872273472055447,6.2010365591397845,8.524,4.938,3.5859999999999994,65.99861720430107,27.313,94.279,66.966,94.279,104.5476418333124,2.4522210084722222,84.70610461485953,4,85.03301807904238,0.008099598408087631,0.1512542406569984,0.5793054903801033,83.93582918419999
battery00,130,False,0.11756314322534459,440.88199999998324,2.0676923961594285,12.78291143567442,16.865684448148965,6.185632608695652,8.516,4.9030000000000005,3.6129999999999995,66.77168478260869,26.974,95.469,68.49499999999999,95.469,104.24588222694672,2.4522210084722222,84.3191698062989,5,85.03301807904238,0.00819493651362527,0.1553590303074351,0.5757397839361204,83.09004450243576
battery00,131,False,0.11531608804803771,438.8640000000596,2.058359067717211,12.713498708094715,16.866455971424983,6.181475054229936,8.522,4.902,3.62,66.8014338394794,27.317,95.189,67.87199999999999,95.189,104.17937921005662,2.4522210084722222,83.93856265833094,6,85.03301807904238,0.008248569032774409,0.15465383353383,0.5752170851912697,83.87525872092766
battery00,132,False,0.13834814212406416,437.8040000000037,2.0544858330019085,12.56565953741559,16.876829132422998,6.119524945770065,8.441,4.934,3.5070000000000006,64.96322559652928,22.618,94.65,72.03200000000001,94.65,103.20062181566746,2.4522210084722222,83.7806146307298,7,85.03301807904238,0.008010433892792141,0.16453024641163488,0.5845278995379694,83.62820713130702
battery00,133,False,0.11566600394787721,439.08500000007916,2.0592678863861766,12.743204693680333,16.8653789311851,6.191174392935982,8.525,4.931,3.5940000000000003,66.97425607064017,27.927,94.992,67.065,94.992,104.33632345339817,2.4522210084722222,83.97562370078289,8,85.03301807904238,0.008185203320540105,0.15273808032610522,0.57841642228739,83.65144058206656
battery00,134,False,0.11505645116058666,438.91599999996834,2.058292036890311,12.739151039604092,16.86403952787844,6.193805251641138,8.525,4.938,3.5870000000000006,67.93207439824945,28.548,97.04,68.492,97.04,104.37310085563125,2.4522210084722222,83.93582918419999,9,85.03301807904238,0.008172406565265926,0.15604808209316803,0.5792375366568915,83.38988099438953
battery00,135,False,0.12481207461697273,434.32500000006985,2.0375515272376483,12.438594920147048,16.87032094525671,6.10816371681416,8.445,4.9430000000000005,3.502,66.0780663716814,23.013,96.543,73.53,96.543,102.96748305953774,2.4522210084722222,83.09004450243576,10,85.03301807904238,0.008063086398433054,0.16929718528748788,0.5853167554766134,83.4515074849334
battery00,136,False,0.11579150428027515,438.82700000004843,2.056806715265018,12.675046060570939,16.85508361333865,6.165995575221238,8.495,4.952,3.5429999999999993,66.04557743362831,25.942,94.424,68.482,94.424,103.84828785609909,2.4522210084722222,83.87525872092766,11,85.03301807904238,0.008073796735386857,0.15605694271317044,0.5829311359623308,83.29730127288452
battery00,137,False,0.11742274314811338,437.6489999999758,2.050748464282576,12.613020028830913,16.850333092246125,6.154916666666668,8.493,4.941,3.5520000000000005,65.2106036036036,25.07,94.488,69.418,94.488,103.63142192622664,2.4522210084722222,83.62820713130702,12,85.03301807904238,0.00811609303345877,0.15861569431211736,0.5817732250088308,83.35128289784527
battery00,138,False,0.11788876702947122,437.2489999999525,2.0513181998430943,12.611167957897106,16.870388339323206,6.151463800904978,8.49,4.931,3.559,66.27524660633485,25.283,96.002,70.719,96.002,103.69637915150447,2.4522210084722222,83.65144058206656,13,85.03301807904238,0.008139526905722796,0.16173621895077558,0.5808009422850412,81.79227286733499
battery00,139,False,0.11627058203215976,436.0120000001043,2.044904180684405,12.618084374575451,16.865194796357805,6.174100000000001,8.519,4.931,3.588,67.24656590909092,27.622,95.668,68.046,95.668,104.0449011845116,2.4522210084722222,83.38988099438953,14,85.03301807904238,0.008229131308310647,0.15606451198587132,0.5788238056109872,83.34503091968432
battery00,140,False,0.12754929754835548,436.3409999998985,2.046415398432306,12.635498443524217,16.864413099443176,6.178201405152225,8.526,4.923,3.6029999999999998,67.40861358313818,28.337,94.845,66.508,94.845,104.10647201187926,2.4522210084722222,83.4515074849334,15,85.03301807904238,0.008257303347613078,0.15242207356176812,0.5774102744546095,83.27314301789498
battery00,141,False,0.12553311159078417,435.5370000000112,2.0426339213040743,12.61079883048276,16.864513613013134,6.176519906323185,8.523,4.953,3.5699999999999994,67.29208665105386,28.221,95.852,67.631,95.852,104.077994306372,2.4522210084722222,83.29730127288452,16,85.03301807904238,0.008196777770889518,0.15528187042661878,0.5811334037310807,82.9077213010968
battery00,142,False,0.1329760920905112,435.7269999999553,2.0439576700520763,12.509187755104062,16.86745795351486,6.125078947368422,8.475,4.9110000000000005,3.563999999999999,65.69168660287082,24.063,96.628,72.565,96.628,103.22848310621364,2.4522210084722222,83.35128289784527,17,85.03301807904238,0.00817943345259845,0.1665377633243004,0.5794690265486726,83.10223941855922
battery00,143,False,0.12636430702056084,427.3760000000475,2.0057272985597137,12.217600021092458,16.876506190110483,6.0949683257918545,8.44,4.927,3.513,64.87116515837106,22.561,93.595,71.03399999999999,93.595,102.78110017286757,2.4522210084722222,81.79227286733499,18,85.03301807904238,0.008219928119500416,0.16620961401667875,0.5837677725118483,82.7854983661229
battery00,144,False,0.12050190738374421,435.60800000000745,2.0438043577301683,12.519781948158974,16.872135642201858,6.129371937639197,8.479,4.918,3.560999999999999,66.24012472160356,24.403,96.053,71.65,96.053,103.33655354701473,2.4522210084722222,83.34503091968432,19,85.03301807904238,0.008174780995757512,0.1644827459550761,0.5800212289185046,82.38080156882643
battery00,145,True,0.010712160285657309,2917.3829999999143,2.04204150749994,14.362308236726555,2.519843813387424,7.035561866125762,8.257,4.906000000000001,3.350999999999999,28.855864435429343,24.121,36.558,12.437000000000001,36.712,17.728565136240704,2.4522210084722222,83.27314301789498,0,83.27314301789498,0.0011486321816505057,0.00426306727639133,0.5941625287634735,82.82449299277977
battery00,146,False,0.11556184072634063,433.4459999999963,2.033080559391095,12.539374872781861,16.866888587788452,6.171310502283104,8.521,4.9110000000000005,3.6100000000000003,67.10175342465753,28.086,95.353,67.267,95.353,104.00787004271221,2.4522210084722222,82.9077213010968,1,83.27314301789498,0.00832860379378292,0.15519118875246415,0.5763408050698274,82.6138339547213
battery00,147,False,0.11284089800880252,434.34600000001956,2.0378505735327934,12.55761152313513,16.87143424939765,6.166075342465754,8.512,4.907,3.6050000000000004,67.24814611872145,27.911,97.057,69.146,97.057,103.94816327358232,2.4522210084722222,83.10223941855922,2,83.27314301789498,0.008299834693999341,0.1591956642860689,0.5764802631578947,82.4763266379065
battery00,148,False,0.13225410054693157,432.60800000000745,2.030083382902494,12.416991861087336,16.874244591371866,6.1202196261682245,8.476,4.92,3.556000000000001,66.0771191588785,24.133000000000003,96.782,72.649,96.782,103.18956690937186,2.4522210084722222,82.7854983661229,3,83.27314301789498,0.008219912715437393,0.16793263185146542,0.580462482302973,82.51327830194349
battery00,149,False,0.12192970102300017,430.4290000000037,2.0201593230185755,12.311799269726976,16.877490715256734,6.098114606741573,8.463,4.938,3.5249999999999995,66.3730629213483,23.439,96.56,73.12100000000001,96.56,102.84025702917349,2.4522210084722222,82.38080156882643,4,83.27314301789498,0.008189503960002623,0.16987935292463885,0.5834810350939383,81.96941460938392
battery00,150,False,0.12089796324126958,432.7700000000186,2.031039617329549,12.41623664930137,16.876405814779055,6.117892617449665,8.476,4.91,3.5660000000000007,66.60348769574945,24.395,98.034,73.63900000000001,98.034,103.16846924928007,2.4522210084722222,82.82449299277977,5,83.27314301789498,0.008239942694733571,0.17015735841208227,0.5792826805096744,81.83932921756805
battery00,151,False,0.12137805966110338,431.6620000000112,2.0258737921420336,12.381350816725579,16.876824155425044,6.115157657657658,8.476,4.918,3.5580000000000007,66.42016441441442,24.295,97.647,73.352,97.647,103.12360045722882,2.4522210084722222,82.6138339547213,6,83.27314301789498,0.008242560151229223,0.16992925020038388,0.5802265219443133,82.09726347647003
battery00,152,False,0.12164154829744238,430.9409999999916,2.022501808830915,12.35288373486015,16.87626757713825,6.111811926605505,8.475,4.931,3.5439999999999996,66.15448165137614,24.125,96.56,72.435,96.56,103.06238836614548,2.4522210084722222,82.4763266379065,7,83.27314301789498,0.008223863591535891,0.16808565441673318,0.5818289085545723,81.87053653336903
battery00,153,False,0.12136647785855839,431.10999999998603,2.02340794529941,12.354854862127981,16.87736312062348,6.109618390804598,8.475,4.916,3.5589999999999993,66.49915632183908,24.194000000000003,96.373,72.179,96.373,103.03215826109367,2.4522210084722222,82.51327830194349,8,83.27314301789498,0.008255433648025131,0.16742594697409557,0.5800589970501475,81.5113351956008
battery00,154,False,0.12219841706124783,428.2390000000596,2.0100712055730114,12.226179908179,16.879108244578273,6.086154362416108,8.464,4.909,3.5550000000000006,65.12500223713646,23.301,95.205,71.904,95.205,102.64738822474668,2.4522210084722222,81.96941460938392,9,83.27314301789498,0.008301439149632578,0.167906239272906,0.5799858223062382,72.8032004740017
battery00,155,False,0.12419930059980348,427.4770000000717,2.0068812242659493,12.221353559321336,16.882036088461174,6.093468181818182,8.466000000000001,4.947,3.519000000000001,65.01551136363636,22.994,94.279,71.285,94.279,102.7884068173604,2.4522210084722222,81.83932921756805,10,83.27314301789498,0.008232021839770117,0.1667575097607311,0.5843373493975903,81.51737650679067
battery00,156,False,0.12242298124764817,429.0470000000205,2.013206342350791,12.277350463510917,16.872892487164886,6.102095348837209,8.472999999999999,4.909,3.563999999999999,66.03678372093023,24.167,96.696,72.529,96.696,102.87687610872732,2.4522210084722222,82.09726347647003,11,83.27314301789498,0.008306782240639904,0.16904674779219184,0.5793697627758764,81.57838094859585
battery00,157,False,0.12301647679543447,427.70999999996275,2.0076464966202012,12.229948544002836,16.87893347046608,6.0954745370370365,8.472999999999999,4.908,3.5649999999999986,64.81498148148148,23.585,95.403,71.81800000000001,95.403,102.80155224945416,2.4522210084722222,81.87053653336903,12,83.27314301789498,0.008335086857918471,0.16791283813800534,0.5792517408237934,81.62961306076589
battery00,158,False,0.12974439464198367,426.1350000000093,1.9988380859527353,12.275982571770603,16.866546146173665,6.1469164677804295,8.517999999999999,4.925,3.592999999999999,67.00142720763722,27.848000000000003,96.019,68.171,96.019,103.58935225643552,2.4522210084722222,81.5113351956008,13,83.27314301789498,0.008431600314454153,0.15997512525373067,0.5781873679267434,81.22850037228034
battery00,159,False,0.12474015426653937,380.3989999999758,1.785295376863618,10.687194073374485,16.87498357707931,5.98992230576441,8.376,4.938,3.4379999999999997,61.960335839599,23.182,90.928,67.746,90.928,100.98752472251986,2.4522210084722222,72.8032004740017,14,83.27314301789498,0.009037878648472311,0.17809195082007132,0.589541547277937,81.01885148363654
battery00,160,False,0.11764862824027797,426.3619999999646,1.9989862322549203,12.270718498412203,16.859477945434506,6.141849315068494,8.517999999999999,4.9,3.6179999999999986,67.61524429223743,28.17,96.002,67.832,96.002,103.46335810255212,2.4522210084722222,81.51737650679067,15,83.27314301789498,0.00848574685361336,0.15909485366896117,0.5752524066682321,80.60950749639788
battery00,161,False,0.11493207507675629,426.6720000000205,2.0004821959929684,12.272813430727794,16.859975267979657,6.138372146118721,8.507,4.934,3.5729999999999995,67.56294292237442,27.725,96.971,69.24600000000001,96.971,103.40993257947935,2.4522210084722222,81.57838094859585,16,83.27314301789498,0.008374114073573677,0.1622932838339443,0.579992946984836,81.11575650324667
battery00,162,False,0.12174200537090613,426.77899999998044,2.001738520610686,12.190468531325916,16.866324156550192,6.095488584474886,8.472999999999999,4.906000000000001,3.5669999999999984,66.61040639269406,24.419,96.594,72.175,96.594,102.72656912856188,2.4522210084722222,81.62961306076589,17,83.27314301789498,0.008357955756961242,0.16911563127521106,0.5790156969196272,81.51975475765225
battery00,163,False,0.135239796547703,424.6909999999916,1.9919023509959959,12.118684015399369,16.86512769979518,6.088196682464455,8.47,4.933,3.537000000000001,65.77888151658769,24.152,97.334,73.182,97.334,102.59210095527624,2.4522210084722222,81.22850037228034,18,83.27314301789498,0.008328408183832646,0.17231822666362473,0.5824085005903187,80.62176253226873
battery00,164,False,0.13754503581070573,423.58399999991525,1.9867612969046442,12.063160254367887,16.86578872183927,6.075620853080569,8.46,4.935,3.5250000000000012,66.06736966824644,23.405,97.299,73.894,97.299,102.38423598925374,2.4522210084722222,81.01885148363654,19,83.27314301789498,0.008321844073432203,0.17444945984743238,0.5833333333333333,46.60089233452063
battery00,165,False,0.143426837554854,421.5130000000354,1.9767232776526598,11.96940799837289,16.862550807211143,6.060438256658596,8.447000000000001,4.927,3.5200000000000014,66.50986198547216,22.898000000000003,97.351,74.453,97.351,102.10666416750865,2.4522210084722222,80.60950749639788,20,83.27314301789498,0.008350869368203841,0.17663274916786376,0.5832840061560316,
battery00,166,False,0.13584376382150107,424.19699999992736,1.9891376221537878,12.086728054191823,16.860879471065985,6.078663438256659,8.472000000000001,4.908,3.564000000000001,66.38751331719128,24.268,98.176,73.908,98.176,102.40400964838908,2.4522210084722222,81.11575650324667,21,83.27314301789498,0.008401756730954276,0.1742303693802942,0.5793201133144475,
battery00,167,True,0.008330027766759536,2855.363999999943,1.9990445522221825,13.973347461403545,2.5203651726671565,6.987815944158708,8.24,4.909,3.3310000000000004,29.43901910360029,24.214,37.81,13.596000000000004,37.81,17.611917668626013,2.4522210084722222,81.51975475765225,0,81.51975475765225,0.0011665763104108853,0.0047615645500889816,0.595752427184466,
battery00,168,False,0.1372519533336952,421.6480000000447,1.9770237982168803,12.010557315669711,16.859209725665774,6.07913399503722,8.466000000000001,4.907,3.559000000000001,66.37055831265509,24.071,97.212,73.141,97.212,102.3990805873303,2.4522210084722222,80.62176253226873,1,81.51975475765225,0.00844068986453066,0.17346459606115114,0.5796125679187337,
battery00,169,False,0.131153885614085,244.6699999999255,1.1427568719626364,7.122613334821993,16.781209780705673,6.23858527131783,8.427,5.359,3.0679999999999996,52.016468992248065,22.611,74.946,52.334999999999994,74.946,104.57035361729498,2.4522210084722222,46.60089233452063,2,81.51975475765225,0.012539338701111432,0.21390035558105175,0.6359321229381749,
